id_gs,autor,cargo,id_institucion,email,citaciones,intereses
16206413231987421209,Daniel Martínez Olguín,"Estudiante de Geología, Universidad Austral de Chile",uach,alumnos.uach.cl,13300,Geología Volcanología Geofísica Sismología 
16206413231987421209,Antonio Lara,"Professor Facultad de Ciencias Forestales y Recursos Naturales, Universidad Austral de …",uach,uach.cl,11791,Ecosystem Services Climate Change Ecological Restoration 
16206413231987421209,JL Iriarte,Universidad Austral de Chile,uach,uach.cl,9176,biological oceanography phytoplankton ecology 
16206413231987421209,Carlos D. Figueroa,"Profesor de Patología, Universidad Austral de Chile",uach,uach.cl,7407,Patología 
16206413231987421209,Daniel Calderini,"Profesor Titular, Instituto de Produccion y Sanidad Vegetal, universidad Austral de Chile",uach,uach.cl,6331,Crop Physiology 
16206413231987421209,Guillermo D'Elía,Universidad Austral de Chile,uach,uach.cl,5626,Systematics Evolutionary Biology Mammalogy 
16206413231987421209,Iván Gómez,Universidad Austral de Chile,uach,uach.cl,5442,Marine Biology Photobiology 
16206413231987421209,Humberto González Estay,"Universidad Austral de Chile, Instituto de Ciencias Marinas y Limnológicas",uach,uach.cl,5421,Biological Oceanography 
16206413231987421209,Jorge M. Navarro,Universidad Austral de Chile,uach,uach.cl,5390,Marine biology Ecophysiology 
16206413231987421209,Susana Paula,Universidad Austral de Chile,uach,uach.cl,4764,Plant functional biology - Fire ecology - Stress … 
16206413231987421209,Daniel Melnick,Universidad Austral de Chile,uach,uach.cl,4745,Neotectonics Coastal Geomorphology Earthquake Geology Paleoseismology 
16206413231987421209,Mario Pino,UNIVERSIDAD AUSTRAL DE CHILE,uach,uach.cl,4510,GEOARQUEOLOGIA SEDIMENTOLOGIA 
16206413231987421209,Juan C. Opazo,Universidad Austral de Chile,uach,uach.cl,4255,genome evolution gene family evolution molecular evolution comparative genomics 
16206413231987421209,Duncan A. Christie,"Instituto de Conservación Biodiversidad y Territorio (ICBTe), Universidad Austral de Chile …",uach,docentes.uach.c,4129,Paleoclimatology Environmental Sciences Forest Ecology 
16206413231987421209,Gonzalo A. Mardones,"Department of Physiology, School of Medicine, Universidad Austral de Chile",uach,uach.cl,3787,Membrane trafficking Structural Biology 
16206413231987421209,Roberto F Nespolo,Universidad Austral de Chile,uach,uach.cl,3486,Evolutionary Physiology Physiological Ecology 
16206413231987421209,Francisco J. Rivera,Universidad Austral de Chile,uach,uach.cl,3337,Regenerative Medicine Remyelination Multiple Sclerosis Adult Stem Cells Vascular Niche 
16206413231987421209,Mario J. Simirgiotis,"Universidad Austral de Chile, Head of the Institute of Pharmacy, Associate professor",uach,uach.cl,3316,química de productos naturales plant natural products metabolomics food chemistry phytochemistry 
16206413231987421209,Pablo J. Donoso,Professor Universidad Austral de Chile,uach,uach.cl,3294,Silviculture forest ecology community forest management forest policy 
16206413231987421209,Luis Vargas-Chacoff,"Instituto de Ciencias Marinas y Limnológicas, Universidad Austral de Chile",uach,uach.cl,3276,Physiology of Fish Stress Endocrine responses Aquaculture Pollution 
16206413231987421209,Laura Nahuelhual,Universidad Austral de Chile,uach,uach.cl,3273,Servicios ecosistémicos 
16206413231987421209,Alejandro J. Yañez,Universidad Austral de Chile,uach,uach.cl,3258,biotecnologia 
16206413231987421209,Pablo J. Donoso,Universidad Austral de Chile,uach,uach.cl,3189,silviculture forest ecology 
16206413231987421209,Laura Rodríguez N.,"Instituto de Arquitectura y Urbanismo, Universidad Austral de  Chile",uach,uach.cl,3056,Geografía cultural y teoría urbana 
16206413231987421209,Sebastian Brauchi,"Professor of physiology, Universidad austral de chile",uach,uach.cl,2989,Ion channels microscopy 
16206413231987421209,Dr. Olga Barbosa,"Professor in Ecosystem Ecology, Universidad Austral de Chile & Associate Researcher …",uach,uach.cl,2692,ecosystem ecology biodiversity conservation urban ecology 
16206413231987421209,Alexandre Corgne,Universidad Austral de Chile,uach,uach.cl,2581,Geochemistry - Experimental Petrology 
16206413231987421209,Leopoldo Ardiles,Universidad Austral de Chile,uach,uach.cl,2577,Nephrology hypertension renal transplant 
16206413231987421209,Luis Collado,"Instituto de Bioquímica y Microbiología, Facultad de Ciencias, Universidad Austral de Chile",uach,uach.cl,2269,Clinical Microbiology Bacterial taxonomy Campylobacter Arcobacter Helicobacter 
16206413231987421209,Pablo Saenz-Agudelo,Universidad Austral de Chile,uach,uach.cl,2253,Larval dispersal Population genetics Marine Biology 
16206413231987421209,Leonardo D Bacigalupe,Universidad Austral de Chile,uach,uach.cl,2245,
16206413231987421209,Mario Andres Calvo Arellano,"Instituto de Medicina, Universidad Austral de Chile",uach,uach.cl,2215,Enfermedades Infecciosas Medicina Intensiva 
16206413231987421209,Nelson Valdivia,Universidad Austral de Chile,uach,uach.cl,2206,
16206413231987421209,Kong Ah-Hen,Universidad Austral de Chile,uach,uach.cl,2172,Food Science 
16206413231987421209,Oscar Chaparro,Universidad Austral de Chile,uach,uach.cl,2115,Marine Biology 
16206413231987421209,Claudia Torres Farfan,Universidad Austral de Chile,uach,uach.cl,2109,Biologia 
16206413231987421209,Gerardo Acosta-Jamett,"Profesor Titular, Instituto de Medicina Preventiva Veterinaria, Universidad Austral de Chile",uach,uach.cl,2049,Epidemiology Zoonoses Conservation Medicine 
16206413231987421209,Hans G Richter,"Associate Professor, Faculty of Medicine, Universidad Austral de Chile",uach,uach.cl,2028,Physiology Endocrinology Biology Medicine 
16206413231987421209,Judit Lisoni,Universidad Austral de Chile,uach,uach.cl,2019,condensed matter nanotechnology lithium ion batteries surface science 
16206413231987421209,Carola Otth,universidad austral de chile,uach,uach.cl,1966,virologia microbiologia biologia celular biologia molecular neurodegeneracion 
16206413231987421209,Rodrigo Hucke-Gaete,"Instituto de Ciencias Marinas y Limnológicas, Universidad Austral de Chile",uach,uach.cl,1724,Marine mammal ecology and conservation 
16206413231987421209,Lorenzo Reyes-Chamorro,Universidad Austral de Chile,uach,uach.cl,1723,
16206413231987421209,Jose J. Nunez,"Instituto de Ciencias Marinas y Limnológicas, Universidad Austral de Chile",uach,uach.cl,1699,Systematics Herpetology Evolution 
16206413231987421209,Marcelo A. Catalan,Universidad Austral de Chile,uach,uach.cl,1671,Animal physiology Ion channels 
16206413231987421209,Leonor Adán,Universidad Austral de Chile. Escuela de Arqueología,uach,uach.cl,1525,Arqueología y zonas boscosas Arqueología Histórica y Etnohistoria Patrimonio Cultural y Museología Tercera misión univer 
16206413231987421209,Sven N. Nielsen,"Full Professor of Paleontology and Historical Geology, Universidad Austral de Chile",uach,uach.cl,1457,paleontology malacology paleoecology sedimentary geology Cenozoic 
16206413231987421209,Maite A. Castro Gallastegui,"Professor, Universidad Austral de Chile",uach,uach.cl,1435,Brain energy metabolism neuron-glia interactions neurodegenerative diseases brain aging 
16206413231987421209,"Moreno, Karen","Universidad Austral de Chile, Instituto de Ciencias de la Tierra, VALDIVIA",uach,uach.cl,1400,Functional anatomy mesozoic trackways biomechanics 
16206413231987421209,Sergio A Estay,Universidad Austral de Chile,uach,uach.cl,1390,Ecology 
16206413231987421209,Iván A. Díaz,Universidad Austral de Chile,uach,docentes.uach.c,1372,Conservation biology canopy ecology forest ecology 
16206413231987421209,Claudio A. Méndez,Universidad Austral de Chile,uach,uach.cl,1371,
16206413231987421209,Patricio Godoy,"Profesor Asociado, Universidad Austral de Chile",uach,uach.cl,1352,Micología Clínica Micología Ambiental Test de Susceptibilidad 
16206413231987421209,Egon Montecinos,"Universidad Austral de Chile, Director Instituto de Administración y Centro de Estudios …",uach,uach.cl,1351,Democracia Participativa Participación Ciudadana Descentralización Presupuesto Participativo Relaciones Intergubernamental 
16206413231987421209,Francisco Correa,"Associate Professor, Universidad Austral de Chile",uach,uach.cl,1334,Mathematical Physics Theoretical Physics 
16206413231987421209,Bruno Mazzorana,"Professor, Universidad Austral de Chile",uach,uach.cl,1276,natural hazards floods fluvial geomorphology risk mitigation and resilience 
16206413231987421209,Francisco Salinas,Universidad Austral de Chile,uach,uach.cl,1271,Molecular biology genetics microbiology 
16206413231987421209,Ana Farias,Universidad Austral de Chile,uach,spm.uach.cl,1253,nutrición en acuicultura 
16206413231987421209,Mauricio Soto Gamboa,"Professor , Universidad Austral de Chile",uach,uach.cl,1244,Behavioral Ecology 
16206413231987421209,marie-laure Guillemin,Instituto de Ciencias Ambientales y Evolutivas Universidad Austral de Chile (marielaure …,uach,uach.cl,1236,Population genetic speciation phylogeography life cycle evolution domestication 
16206413231987421209,Víctor Gerding,Universidad Austral de Chile,uach,uach.cl,1235,Suelos forestales sitio forestal silvicultura 
16206413231987421209,Luis Miguel Pardo,Universidad Austral de Chile,uach,uach.cl,1226,Marine Biology 
16206413231987421209,Alvaro I. Langer,"Profesor de Psicología, Universidad Austral de Chile",uach,uach.cl,1187,
16206413231987421209,R. Mauricio Barría P.,Universidad Austral de Chile,uach,uach.cl,1185,Salud Materno Infantil Epidemiología Práctica Basada en Evidencia 
16206413231987421209,Pedro Güell,"Profesor Asociado, Instituto de Administración, universidad Austral de Chile",uach,uach.cl,1180,políticas públicas sociología de la cultura comunicación política territorios 
16206413231987421209,Eduardo A. Silva-Rodríguez,"Med.Vet., PhD, Instituto de Conservación, Biodiversidad y Territorio, Universidad Austral de …",uach,uach.cl,1145,Conservation Biology Conservation Planning Wildlife Ecology Protected Areas Human Dimensions of Wildlife 
16206413231987421209,José Garcés-Vargas,"Instituto de Ciencias Marinas y Limnológicas, Universidad Austral de Chile",uach,docentes.uach.c,1125,Oceanography 
16206413231987421209,Leyla Cardenas,Universidad Austral de Chile,uach,uach.cl,1123,genetica de poblaciones ecologia marina biodiversidad parasitologia 
16206413231987421209,Jorge Nimptsch,Universidad Austral de Chile,uach,uach.cl,1121,Environmental Sciences Dissolved Organic Matter Ecotoxicology Aquatic Pollution 
16206413231987421209,Claudio Gonzalez-Wevar,"Profesor Asociado, Instituto de Ciencias Marinas (ICML), Universidad Austral de Chile …",uach,uach.cl,1076,Biología Evolutiva Biogeográfica Genética y Evolución 
16206413231987421209,Yanko González,"Profesor, Universidad Austral de Chile",uach,uach.cl,1034,
16206413231987421209,Guillermo Trincado,Universidad Austral de Chile,uach,uach.cl,1018,Forest Biometrics 
16206413231987421209,Javier Canales,Universidad Austral de Chile,uach,uach.cl,965,Plant Molecular Biology Genomics Nitrogen metabolism Sulfur metabolism Nutrient Signaling 
16206413231987421209,Rodrigo Arias Inostroza,"Instituto de Producción Animal, Universidad Austral de Chile",uach,uach.cl,964,Producción Animal Producción de carne 
16206413231987421209,Claudio Verdugo,Universidad Austral de Chile,uach,uach.cl,958,
16206413231987421209,Rodrigo A. Lopez Muñoz,Universidad Austral de Chile,uach,uach.cl,949,Pharmacology Antiparasitic drugs Cancer chemotherapy 
16206413231987421209,Natalia Méndez,Universidad Austral de Chile,uach,uach.cl,933,
16206413231987421209,Dante Pinochet,"Profesor de fertilidad de suelos, Universidad Austral de Chile",uach,uach.cl,929,fertilidad de suelos 
16206413231987421209,Simón Poblete,Universidad Austral de Chile,uach,uach.cl,890,Molecular Dynamics Biophysics Multiscale Modelling Soft Matter RNA Simulations 
16206413231987421209,María Eugenia Solari,Universidad Austral de Chile,uach,uach.cl,881,Antropología social Historia ambiental Bosque valdiviano Arqueobotánica 
16206413231987421209,Rafael Labarca Encina,"Escuela de Arqueología, Universidad Austral de Chile",uach,uach.cl,877,zooarchaeology taphonomy Pleistocene fauna hunter-gatherers 
16206413231987421209,Felipe Munita,Universidad Austral de Chile,uach,uach.cl,851,literatura infantil y juvenil didáctica de la literatura mediación de la lectura 
16206413231987421209,Andrea Báez Montenegro,Universidad Austral de Chile,uach,uach.cl,818,Cultural Economics Tourism Choice experiments structural equation model 
16206413231987421209,Marco Contreras,"Profesor Asociado, Universidad Austral de Chile",uach,uach.cl,810,Forest operations planning forest management optimization and simulation 
16206413231987421209,Julio Guerra,"Professor of Computer Science, Universidad Austral de Chile",uach,inf.uach.cl,804,Education Intelligent Systems Learning Analytics Data Mining 
16206413231987421209,PhD Mariano Alvarez,Profesor de la Universidad Austral de Chile,uach,uach.cl,793,Relaciones internacionales Paradiplomacia Cooperación Integración 
16206413231987421209,Igor Osorio Roman,"Universidad Austral de Chile, Instituto de Ciencias Químicas",uach,uach.cl,780,Materials Chemistry Spectroscopy Plasmonics Applied Energy Materials 
16206413231987421209,Carolina Lizana,Universidad Austral de Chile,uach,uach.cl,750,Ecofisiología de cultivos cambio climático biodiversidad 
16206413231987421209,Alejandra Zuniga Feest,"Professor of Plant Physiology, Universidad Austral de Chile",uach,uach.cl,748,Plant stress biology Plant Ecophysiology Plant soil interaction 
16206413231987421209,Miguel Salgado,Universidad Austral de Chile,uach,uach.cl,734,Animal infectious diseases microbiology paratuberculosis leptospirosis 
16206413231987421209,JAVIER MARTINEZ MARTINEZ,Académico Universidad Austral de Chile,uach,uach.cl,728,Homogeneous catalysis Carbon dioxide Cyclic carbonate Polymers 
16206413231987421209,Ernesto Zumelzu,Universidad Austral de Chile,uach,uach.cl,710,Materials composite coatings advanced materials 
16206413231987421209,Pablo Sanchez-Alfaro,"Profesor Asistente (Auxiliar), Universidad Austral de Chile",uach,uach.cl,702,Geology geochemistry 
16206413231987421209,Carlos Bustos,Universidad Austral de Chile,uach,uach.cl,692,Quimica 
16206413231987421209,Andrea Piñones,Universidad Austral de Chile,uach,uach.cl,688,Oceanography Antarctica Ocean Circulation Modeling River Plumes 
16206413231987421209,Nancy Jerez-Timaure,Universidad Austral de Chile / Universidad del Zulia,uach,uach.cl,680,Meat science and biothecnology 
16206413231987421209,Konrad Górski,UACh,uach,uach.cl,663,Fish Ecology River Science 
16206413231987421209,Carolina Lavoz,Universidad Austral de Chile,uach,uach.cl,661,Nefrología y trasplante renal 
16206413231987421209,Andrea Silva,Universidad Austral de Chile,uach,uach.cl,659,
16206413231987421209,Gustavo Blanco Wells,Profesor Asociado e Investigador Instituto de Historia y Ciencias Sociales (UACH),uach,uach.cl,656,sociología del desarrollo sociologia ambiental sociología rural sociología de la ciencia y la tecnología cambio climáti 
16206413231987421209,Fabio Bozzeda,post doc Universidad Austral de Chile,uach,uach.cl,634,machine learning environmental sciences risk reduction 
16206413231987421209,Simón Urbina,"Escuela de Arqueología, Universidad Austral de Chile, Sede Puerto Montt",uach,uach.cl,625,Arqueología historia etnohistoria arqueología urbana 
16206413231987421209,Valerio C. Andrés-Valeri,Universidad Austral de Chile,uach,uach.cl,622,Stormwater BMPs Sustainable pavements Construction Engineering 
16206413231987421209,Manuel Schilling,"Instituto de Ciencias de la Tierra, Facultad de Ciencias, Universidad Austral de Chile",uach,uach.cl,601,Earth sciences 
16206413231987421209,Ricardo Giesecke,Profesor Auxiliar Universidad Austral de Chile,uach,uach.cl,600,Ecologia Pelagica Estudios troficos de zooplancton gelatinoso 
16206413231987421209,Francisco J. Morera,Universidad Austral de Chile,uach,uach.cl,600,Fish Physiology Ion channels Osmoregulation 
16206413231987421209,Pablo Huijse Heise,"Universidad Austral de Chile, Millennium Institute of Astrophysics",uach,inf.uach.cl,598,Signal processing Machine Learning Information Theory Astroinformatics 
16206413231987421209,Marcela P. Astorga,Universidad Austral de Chile,uach,spm.uach.cl,595,Population genetics 
16206413231987421209,Guillaume Serandour,Universidad Austral de Chile,uach,uach.cl,592,Mechanical Engineering MEMS Nonlinear Dynamics 
16206413231987421209,Uwe Muehlich,Universidad Austral de Chile,uach,uach.cl,576,continuum mechanics materials modeling FEM random networks 
16206413231987421209,Marius Schaefer,Universidad Austral de Chile,uach,uach.cl,573,Glaciology Mass Balance Calving Granular Flows Avalanches 
16206413231987421209,Elizabeth Flores González,Profesor Instructor. Universidad Austral de Chile,uach,uach.cl,572,Enfermería comunitaria Salud cardiovascular 
16206413231987421209,Alejandro Ochoa Arias,Universidad de Los Andes Merida Venezuela / Universidad Austral de Chile,uach,uach.cl,560,Pensamiento Sistémico Organizaciones Comunitarias Desarrollo Conocimiento Libre 
16206413231987421209,Pedro C. Aravena DDS PhD,Profesor Facultad de Medicina Universidad Austral de Chile,uach,uach.cl,550,Implant Dentistry Dentistry-Based Evidence Oral Surgery Anatomy 
16206413231987421209,Rodolfo Venegas,Universidad Austral de Chile,uach,uach.cl,538,Acoustics Continuum mechanics Transport phenomena Heterogeneous materials Homogenisation 
16206413231987421209,Ignacio Niechi,UACh,uach,uach.cl,538,Cancer Cell signaling 
16206413231987421209,Pablo Fierro,Instituto Ciencias Marinas y Limnologicas. Universidad Austral de Chile,uach,uach.cl,527,Macroinvertebrates Bioindicators Conservation Food webs 
16206413231987421209,Esteban Basoalto,"Instituto de Producción y Sanidad Vegetal, Facultad de Ciencias Agrarias, Universidad …",uach,uach.cl,519,
16206413231987421209,Dasten Julián-Vejar,Instituto de Historia en Ciencias Sociales. Universidad Austral de Chile,uach,uach.cl,514,Sociology of Work and Occupations Precarious Work Labor Precarity Extractivism 
16206413231987421209,Ana Maria Zarraga,UNIVERSIDAD AUSTRAL DE CHILE,uach,uach.cl,512,biologia molecular microbiologia 
16206413231987421209,Mauricio González-Chang,Universidad Austral de Chile,uach,uach.cl,501,Agroecology Entomology Biodiversity Farmers' knowledge 
16206413231987421209,Alfredo Aguilera,"Professor, Universidad Austral de Chile",uach,uach.cl,497,wood science 
16206413231987421209,Nicole Colin,Universidad Austral de Chile,uach,uach.cl,489,Fish and river ecology 
16206413231987421209,Carlos Spichiger Bruce,Biochemistry and Microbiology Institute Universidad Austral de Chile,uach,uach.cl,475,Molecular Patology -Functional Genomics 
16206413231987421209,Maria Cristina Ravanal,Universidad Austral de Chile,uach,uach.cl,467,Enzimología Biotecnología Bioprocesos 
16206413231987421209,Alejandro Rojas-Fernandez,Austral University of Chile,uach,uach.cl,467,Nanobodies viral infections COVID-19 SUMO Ubiquitin 
16206413231987421209,Emily C Giles,Universidad Austral de Chile,uach,alumnos.uach.cl,466,
16206413231987421209,Paulo Contreras,Académico Universidad Austral de Chile,uach,uach.cl,460,Tecnología didáctica web 2.0 medios de comunicación web 
16206413231987421209,Ricardo Oyarzún-Salazar,"Doctor en Ciencias de la Acuicultura, Universidad Austral de Chile",uach,alumnos.uach.cl,452,Fisiología animal 
16206413231987421209,Aitor C. Raposeiras,"Professor of Civil Engineering and Construction Engineering, Universidad Austral de Chile",uach,uach.cl,434,Aspahlt paving materials and design Sustainable materials Energy efficiency 
16206413231987421209,Rodrigo Manuel Vega San Martín,"Instituto de Ciencias de la Tierra, Universidad Austral de Chile",uach,uach.cl,423,sedimentology quaternary geogology geomorphology geochronology bayesian statistics 
16206413231987421209,Guilherme Volpe Bossa,Universidad Austral de Chile,uach,uach.cl,410,Biophysics - Soft Condensed Matter … 
16206413231987421209,Gerdhard L. Jessen,"Assistant Professor Institute of Marine and Limnological Sciences, Austral University of Chile",uach,uach.cl,409,Aquatic microbiology microbial ecology geochemisty 
16206413231987421209,Héctor Ulloa Contreras,"Postdoc, Universidad Austral de Chile",uach,uach.cl,400,River morphology forest hydrology 
16206413231987421209,Frank Schanack,Universidad Austral de Chile,uach,uach.cl,399,Puentes 
16206413231987421209,Roland Sánchez M.,Universidad Austral de Chile,uach,alumnos.uach.cl,396,microbial ecology biotechnology biodiversity conservation 
16206413231987421209,Lisandro Roco,"Institute of Agricultural Economics, Universidad Austral de Chile",uach,uach.cl,390,environmental economics climate change adaptation resource economics sustainability 
16206413231987421209,Aníbal Concha-Meyer,Universidad Austral de Chile,uach,uach.cl,373,Food Science and Technology Food Microbiology Food Safety Food Product Development. 
16206413231987421209,Gaëlle Plissart,Universidad Austral de Chile,uach,uach.cl,365,
16206413231987421209,Briceño Erika X,Universidad Austral de Chile,uach,uach.cl,360,Plant pathology 
16206413231987421209,Diana Movilla Quesada,Universidad de Salamanca; Universidad Austral de Chile,uach,uach.cl,354,CIVIL ENGINEERING ASPHALT MIXTURE BITUMEN ROAD MATERIALS PAVEMENT DESIGN 
16206413231987421209,Carla Marchant,Profesora Asociada Universidad Austral de Chile,uach,uach.cl,353,Geografía humana y rural transformaciones territoriales 
16206413231987421209,Andres Henriquez,Universidad Austral de Chile,uach,uach.cl,353,Toxicology Inhalation Air Pollution 
16206413231987421209,Sergio Soza-Amigo,Universidad Austral de Chile,uach,uach.cl,351,
16206413231987421209,Gabriela Martinez Bordes,Universidad Austral de Chile,uach,uach.cl,350,
16206413231987421209,Luis Cárcamo Ulloa,Instituto de Comunicación Social. Universidad Austral de Chile. Revista Comunicar,uach,uach.cl,348,comunicación redes sociales educación tics minería de datos de prensa 
16206413231987421209,Loreto Troncoso,Universidad Austral de Chile,uach,uach.cl,345,
16206413231987421209,Cristóbal A. Navarro,"Professor of Computer Science, Universidad Austral de Chile",uach,inf.uach.cl,343,GPU Computing Parallel Algorithms Computational Physics 
16206413231987421209,Paula Villagra,Universidad Austral de Chile,uach,uach.cl,340,resiliencia urbana resiliencia comunitaria humedales urbanos 
16206413231987421209,Rafael Eduardo Coopman Ruiz-Tagle,Profesor Universidad Austral de Chile,uach,uach.cl,326,Ecofisiología forestal estrés fisiológico fotosíntesis 
16206413231987421209,Rodrigo Browne Sartori,Universidad Austral de Chile,uach,uach.cl,326,Teorías de la Comunicación Comunicación y cultura comunicación intercultural periodismo intercultural 
16206413231987421209,Hugo Romero Toledo,"Instituto de Estudios Antropológicos, Universidad Austral de Chile",uach,uach.cl,325,ecología política geografía histórica geografía cultural 
16206413231987421209,Claudia Mileni Aracena Perez,"Investigadora Oceanografía y Biología Marina, Universidad Austral de Chile",uach,uach.cl,322,Oceanografía Paleoceanografía y Biología Marina 
16206413231987421209,Juan Pablo Smulders,Universidad Austral de Chile,uach,uach.cl,322,Mejora Genética Animal Sistemas de Producción Animal Estadística 
16206413231987421209,Fabian Almonacid,Universidad Austral de Chile,uach,uach.cl,321,Historia 
16206413231987421209,Pablo Marshall,Universidad Austral de Chile,uach,uach.cl,320,constitutional theory right to vote disability law 
16206413231987421209,Konstantin Verichev,Ph.D. Universidad Austral de Chile,uach,uach.cl,311,building climatology 
16206413231987421209,Patricia Aguila-Torres,"Escuela de Tecnología Médica, Universidad Austral de Chile",uach,uach.cl,308,Comunidades microbianas Microplásticos metagenómica 
16206413231987421209,Rodrigo Maldonado Aguila,Universidad Austral de Chile,uach,uach.cl,301,Molecular Biology Gene expression regulation ncRNAs epigenetics 
16206413231987421209,Armin Mella,Universidad Austral de Chile,uach,uach.cl,300,Microbiology veterinary microbiology methicillin resistant staphylococcus 
16206413231987421209,Shakeel Ahmed Awan,"Instituto de farmacia, Universidad Austral de Chile, Isla Teja campus, Valdivia (5090000) …",uach,uach.cl,300,Plant natural products Metabolomics Food chemistry Mass Spectrometry Biotechnology 
16206413231987421209,Roberto Pasten,Universidad Austral de Chile,uach,uach.cl,295,environmental economics fiscal policies 
16206413231987421209,Mario E. Flores,Universidad Austral de Chile,uach,uach.cl,293,
16206413231987421209,Gerardo E Soto,"Instituto de Estadística, Universidad Austral de Chile",uach,uach.cl,293,Statistical modeling Ecological modeling Remote sensing 
16206413231987421209,Alexei Cuevas,Universidad Austral de Chile,uach,alumnos.uach.cl,289,Fisiopatología Inflamación Diabetes Espectrometría de Masas 
16206413231987421209,José Hernández-Bonivento,Profesor Asociado - Universidad Austral de Chile,uach,uach.cl,286,Gobierno local gobernanza pública participación ciudadana transparencia y acceso a la información gobierno abierto 
16206413231987421209,Jorge A. Tomasevic,"Centro de Humedales Río Cruces, Universidad Austral de Chile",uach,uach.cl,286,Wildlife ecology Urban ecology Wetlands Endangered species Spatial ecology 
16206413231987421209,Cristian Salazar-Concha,"Associate Professor, Universidad Austral de Chile",uach,uach.cl,284,Information Systems telework technostress Data Visualization 
16206413231987421209,Danixa Martínez,UACH,uach,uach.cl,284,Acuicultura Inmunología y Fisiología de Peces 
16206413231987421209,Eliana Scheihing,"Profesora Asociada Instituto de Informática, Universidad Austral de Chile",uach,inf.uach.cl,277,Ciencias de los Datos Learning Analytics Estadística Bayesiana 
16206413231987421209,Julian F. Quintero-Galvis,Universidad Austral de Chile,uach,alumnos.uach.cl,267,Population Genetics Phylogeography Evolutionary ecology Experimental Evolution 
16206413231987421209,Javier Campos-Martinez,Universidad Austral de Chile,uach,uach.cl,267,social justice education educational inequality teacher education 
16206413231987421209,Carolina Maturana Ibañez,Universidad Austral de Chile,uach,uach.cl,265,Enseñanza de la historia Educación ciudadana patrimonio y museos 
16206413231987421209,Alberto Harambour,"Historiador, Universidad Austral de Chile",uach,uach.cl,264,Transnational History Latin American History Borderlands State building Social History 
16206413231987421209,Francisco Maturana Miranda,"Profesor Asociado, Instituto de Ciencias de la Tierra, Universidad Austral de Chile",uach,uach.cl,259,Planificación territorial ciudades intermedias/medias urbanización 
16206413231987421209,Ricardo Fuentes,UNIVERSIDAD AUSTRAL DE CHILE,uach,uach.cl,258,Fitotecnia Proteccion Vegetal Malherbología y Diseño de Experimentos. 
16206413231987421209,Sergio Martinez-Huenchullan,"Assistant Professor, Universidad Austral de Chile",uach,uach.cl,257,Obesity insulin resistance skeletal muscle metabolism exercise 
16206413231987421209,Jorge Riveros S,"Profesor de Administración, Universidad Austral de Chile",uach,uach.cl,251,Administración de Empresas Marketing Público Marketing Hospitalario 
16206413231987421209,Hernan Cuevas,Universidad Austral de Chile,uach,uach.cl,244,Teorìa Social y Polìtica Discurso Métodos Cualitativos Economía Política 
16206413231987421209,Rodolfo E. Mardones,"Instituto de Estudios Psicológicos, Universidad Austral de Chile",uach,uach.cl,241,psicología social historia de la psicología investigación cualitativa 
16206413231987421209,Felix Fuders,Universidad Austral de Chile,uach,uach.cl,240,Microeconomics Monetary and Fiscal Policy Ecological Economics Human Scale Development 
16206413231987421209,Paola Murgas Alcaíno,Universidad Austral de Chile,uach,uach.cl,235,Inmunología neuroinmunología inmunología del cáncer biología celular. 
16206413231987421209,Felipe A. Briceño,Universidad Austral de Chile,uach,uach.cl,233,Climate change Ecophysiology Fisheries and Aquaculture 
16206413231987421209,Ricardo Ramiro Alvarez Abel,"Profesor Asociado Escuela Arqueología, Universidad Austral de Chile",uach,uach.cl,230,Etnografía Insularidad Ontologías 
16206413231987421209,Matthieu Vernier,Universidad Austral de Chile,uach,inf.uach.cl,224,Natural Language Processing Data Stream Mining 
16206413231987421209,Alvaro Figueroa,Universidad Austral de Chile,uach,uach.cl,224,Epigenética y Biotecnología 
16206413231987421209,Ignacio A. Rodriguez-Jorquera,Centro de Humedales Rio Cruces (Cruces River Wetland Center) Universidad Austral de …,uach,uach.cl,223,Ecotoxicology Ecology Biodiversity Conservation Ornithology 
16206413231987421209,Sebastián Edmundo Alarcón Retamal,Universidad Austral de Chile,uach,uach.cl,217,Diabetic Nephropathy Cancer Adenosine Signaling Molecular Biology 
16206413231987421209,Patricia Thibaut,Universidad Austral de Chile,uach,uach.cl,216,
16206413231987421209,Diego Halabi,"Assistant Professor, Faculty of Medicine, Universidad Austral de Chile",uach,uach.cl,215,
16206413231987421209,Daniela Vera-Bachmann,"Associate Professor, Instituto de Psicología, Universidad Austral de Chile",uach,uach.cl,214,Educación rural psicologia educacional 
16206413231987421209,Gaston Vergara,"Instituto de Estadística, Universidad Austral de Chile",uach,uach.cl,206,Estadística Espacial Modelos biométricos 
16206413231987421209,Alberto Coddou Mc Manus,Universidad Austral de Chile,uach,uach.cl,203,Public Law Human Rights and Technology 
16206413231987421209,Marcela Márquez-García,Universidad Austral de Chile,uach,uach.cl,198,Human dimensions of wildlife conservation conservation education stakeholder engagement and collaboration … 
16206413231987421209,ENRIQUE FERRADA,Universidad Austral de Chile,uach,UACH.CL,189,Plant Disease Plant Pathology 
16206413231987421209,Ismael Barros Contreras,Universidad Austral de Chile,uach,uach.cl,174,Strategic Management Family Business 
16206413231987421209,Javier FA Vega Ramírez,"Académico Instituto de Ciencias de la Educación, Universidad Austral de Chile",uach,uach.cl,174,Políticas Educativas formación religiosa Investigación Educacional 
16206413231987421209,Christian Lazo,Universidad Austral de Chile,uach,inf.uach.cl,172,Telematica 
16206413231987421209,Pablo A. Pérez-Díaz,Austral University of Chile,uach,uach.cl,172,Individual differences Psychometrics Personality Psychology Quantitative Psychology 
16206413231987421209,Jose Piquer,"Instituto de Ciencias de la Tierra, Universidad Austral de Chile",uach,uach.cl,171,Geología económica geología estructural 
16206413231987421209,Carlos Guajardo-Vergara,Universidad Austral de Chile,uach,spm.uach.cl,170,Vertigo vestibular disorders vestibular function test vestibular compensation 
16206413231987421209,Julia Saravia,Universidad Austral de Chile,uach,alumnos.uach.cl,170,Fisiología animal Genética Peces 
16206413231987421209,Felipe Cid Burgos,Universidad Austral de Chile,uach,uach.cl,168,Robots 
16206413231987421209,Daniela Olivares,Docente Universidad Austral de Chile,uach,uach.cl,167,Epistemología filosofía de la ciencia ciencia y terapia ocupacional. 
16206413231987421209,Francisco Montero-Silva,Universidad Austral de Chile,uach,uach.cl,163,biotechnology nanotechnology nanoparticles drug delivery enzyme activity measurements 
16206413231987421209,Marta Mensa,Universidad Austral de Chile,uach,uach.cl,161,Gender in Advertising 
16206413231987421209,Cristian Cifuentes,"Assistant Professor, Universidad Austral de Chile",uach,uach.cl,158,Offshore Aquaculture Mooring Analysis Ocean Engineering Naval Architecture 
16206413231987421209,Gustavo A. Beade,Universidad Austral de Chile,uach,uach.cl,152,Philosophy of Criminal Law Criminal Law Philosophy of Law Legal Theory Moral Philosophy 
16206413231987421209,Jaiber J. Solano-Iguaran,"Doctor in Ecology and Evolution, Universidad Austral de Chile",uach,alumnos.uach.cl,143,Phylogenetics and Evolution 
16206413231987421209,Juan Antonio González de Requena Farré,"Profesor asociado, Instituto de Psicología, Universidad Austral de Chile",uach,spm.uach.cl,140,Filosofía Filosofía política Retórica 
16206413231987421209,Merly de Armas-Ricard,Austral University of Chile,uach,uach.cl,136,Biochemistry Environmental Microbiology 
16206413231987421209,Luis Alberto Alvarez-González,Profesor Asociado. Universidad Austral de Chile,uach,inf.uach.cl,130,Learning Technologies Learning Design Mobile Learning 
16206413231987421209,Marcial Quiroga-Carmona,"Instituto de Ciencias Ambientales y Evolutivas, Universidad Austral de Chile",uach,alumnos.uach.cl,126,Systematics Historical biogeography Speciation Neotropical Fauna 
16206413231987421209,Gonzalo Tampier,Universidad Austral de Chile,uach,uach.cl,126,Numerical and experimental hydrodynamics marine renewable energy 
16206413231987421209,Carmen Gloria Muñoz Muñoz,Universidad Austral de Chile,uach,uach.cl,125,Salud colectiva y medicina social 
16206413231987421209,Nicolás Müller,"Assistant Professor, Universidad Austral de Chile",uach,uach.cl,111,Power Electronics Renewable Energy 
16206413231987421209,Patricio Sobarzo,"Académico de Química, Universidad Austral de Chile",uach,uach.cl,111,Síntesis orgánica y ciencia de materiales 
16206413231987421209,Daniela Zuniga,Universidad Austral de Chile,uach,uach.cl,110,
16206413231987421209,Angela Castro,Dra. en Educación. Universidad Austral de Chile. Sede Puerto Montt,uach,uach.cl,106,Formación del profesorado Educación STEM Etnomatemática Educación rural 
16206413231987421209,Anita Arenas-M,Universidad Austral de Chile,uach,uach.cl,106,molecular biology plant biotechnology crops heat stress wheat 
16206413231987421209,Carlos Loncoman,"Assistant professor, Austral University of Chile",uach,uach.cl,104,Virology Molecular Biology 
16206413231987421209,Claudio Fuentealba,"PhD en Educación Ámbito de Didáctica de la Matemática, Facultad de Ciencias de la …",uach,uach.cl,101,Pensamiento Matemático Avanzado Advanced Mathematical Thinking 
16206413231987421209,Maximo F. Alonso,"Associate Professor, Universidad Austral de Chile",uach,uach.cl,101,Grassland Ecology 
16206413231987421209,Felipe Poblete,"Assistant professor, Universidad Austral de Chile",uach,uach.cl,99,
16206413231987421209,David Chávez Herting,Universidad Austral de Chile,uach,uach.cl,98,Psicología de los Medios Psicología Educacional Psicología Social Metodología de las Ciencias Sociales 
16206413231987421209,Rene Gallardo,"Profesor de Psicología, Universidad Austral de Chile",uach,uach.cl,95,Psicología cognitiva Psicología de la personalidad Psicología de  la religión 
16206413231987421209,Andrea Ávila-Valdés,"PhD, Universidad Austral de Chile",uach,alumnos.uach.cl,94,plant abiotic stress 
16206413231987421209,Edwin Krogh,"Professor of Psychiatry, Instituto de Neurociencias Clínicas, Universidad Austral de Chile",uach,uach.cl,81,Mindfulness Compassion Clínical Relationship Philosophy of Medicine 
16206413231987421209,Pedro Araya Riquelme,"Profesor Asociado, Universidad Austral de Chile",uach,uach.cl,81,antropología escritura poética arquitectura vernacular 
16206413231987421209,Dr. Pablo Soto Delgado,"Facultad de Ciencias Jurídicas y Sociales, Universidad Austral de Chile",uach,uach.cl,78,Derecho administrativo Derecho Constitucional Regulación 
16206413231987421209,Francisca M. Castillo,Universidad Austral de Chile,uach,alumnos.uach.cl,78,Grain Weight and size Yield Grain Crops Plant Molecular Biology Crop Physiology 
16206413231987421209,Andrea Cárcamo,"Académica, Universidad Austral de Chile",uach,uach.cl,75,Didáctica de la Matemática Didáctica del Álgebra Lineal 
16206413231987421209,Víctor Poblete Ramírez,"Associate Professor, Institute of Acoustics, Universidad Austral de Chile",uach,uach.cl,74,audio signal processing audio machine learning auditory models 
16206413231987421209,Carlos Haefner,Universidad Austral de Chile,uach,uach.cl,73,Políticas públicas Soledad exclusión y desigualdad social 
16206413231987421209,Manuel Lagos Varas,Universidad Austral de Chile,uach,uach.cl,64,
16206413231987421209,AMALIA ORTIZ de ZARATE FERNANDEZ,"ASSOCIATE PROF, UNIVERSIDAD AUSTRAL DE CHILE",uach,uach.cl,63,EFL. THEATRE LITERATURE GENDER STUDIES 
16206413231987421209,Alfredo Rodríguez,Universidad Austral de Chile,uach,uach.cl,63,Dairy cows Physiology Animal welfare 
16206413231987421209,manuel monrroy,"Kinesiólogo, Universidad Austral de Chile",uach,uach.cl,63,Rehabilitación actividad física y deporte fisiología del ejercicio 
16206413231987421209,Wilmer Velilla-Díaz,"Professor, Universidad Austral de Chile",uach,uach.cl,60,Mechanical Design Molecular Simulations Fracture Mechanics 
16206413231987421209,Cristian Olivares-Rodríguez,"Profesor, Instituto de Informática, Universidad Austral de Chile",uach,inf.uach.cl,59,Pattern recognition computational human behavior artificial intelligence 
16206413231987421209,Pamela Mendoza-Alonzo,Universidad Austral de Chile,uach,uach.cl,58,Derecho Civil Derecho de Daños Derecho Comparado 
16206413231987421209,luis fernando De Matheus,Universidad Austral de Chile,uach,uach.cl,58,geografia humana 
16206413231987421209,Felipe A. Sanhueza G.,Universidad Austral de Chile,uach,uach.cl,58,materials_science_and_engineering 
16206413231987421209,Carlos Fernández-Galleguillos,Universidad Austral de Chile,uach,uach.cl,58,Natural Products Metabolomic Bioactive Molecules 
16206413231987421209,Guillermo Pacheco Habert,Académico Universidad Austral de Chile,uach,uach.cl,56,Ecosocioeconomía Percepción de Paisaje Indicadores de Sustentabilidad Desarrollo Regional y Turismo. 
16206413231987421209,Ximena Valenzuela,Universidad Austral de Chile,uach,uach.cl,56,Biorremediación Tolerancia a metales pesados 
16206413231987421209,Marcela Apablaza Santis,"Profesora Auxiliar de Facultad de Medicina, Universidad Austral de Chile",uach,uach.cl,56,Interfaz salud-educación desde el análisis de … bajo las claves analíticas propue 
16206413231987421209,Felipe Munoz-Rubke,"Assistant Professor, Instituto de Psicología, Universidad Austral de Chile",uach,uach.cl,55,tool use mechanical problem solving mathematical problem solving spatial abilities 
16206413231987421209,Tomás Thayer Morel,Universidad Austral de Chile,uach,uach.cl,55,Música Tecnología  y  Didáctica de la Educación … 
16206413231987421209,John Clunes,"Instituto de Ingeniería Agraria y Suelos, Facultad de Ciencias Agrarias, Universidad Austral …",uach,uach.cl,54,Ciencias del suelo 
16206413231987421209,Guillermo Valenzuela Nieto,"Investigador Posdoctoral, Universidad Austral de Chile",uach,uach.cl,54,Nanoanticuerpos biologia molecular 
16206413231987421209,Camila Tejo Haristoy,"Adjunct Professor, Universidad Austral de Chile",uach,uach.cl,52,Forest Canopies Ecology Soils 
16206413231987421209,Cristian Colther,Universidad Austral de Chile,uach,uach.cl,51,Crecimiento económico Desarrollo Regional Mercado Laboral 
16206413231987421209,Romina Fuentes Urrutia,"Estudiante Doctorado en Ciencias mención Ecología y Evolución, Universidad Austral de …",uach,uach.cl,46,invasiones biológicas genética de poblaciones 
16206413231987421209,Carlos Mejías,"Estudiante Magíster en Ecología Aplicada, Universidad Austral de Chile",uach,alumnos.uach.cl,46,Comparative physyology Ecophysiology Hibernation 
16206413231987421209,Laura Rodríguez Negrete,"Profesora, Universidad Austral de Chile",uach,uach.cl,45,Geografía cultural y teoría urbana 
16206413231987421209,"Muñoz-Cáceres, O.",Universidad Austral de Chile,uach,uach.cl,45,Asphalt mixtures asphalt mastic filler bitumen 
16206413231987421209,KAREN MARDONES LEIVA,Universidad Austral de Chile,uach,uach.cl,44,Estudios de género feministas y de masculinidades. Desarrollo … 
16206413231987421209,Katherina Walper Gormáz,Universidad Austral de Chile,uach,uach.cl,41,Classroom Interaction English as a Foreign Language Conversation Analysis Multimodality 
16206413231987421209,Rodrigo Navarrete Saavedra,"Profesor auxiliar, Instituto de Psicología, Universidad Austral de Chile",uach,uach.cl,40,multiculturalismo decolonialidad políticas sociales movimientos sociales investigación cualitativa 
16206413231987421209,Luis Boris Álvarez Vivar,Universidad Austral de Chile,uach,uach.cl,39,Juvenile Delinquency Juvenile Offending Desistance Juvenile Sex Offenders Sexual Behavior Problems 
16206413231987421209,Valeria Henriquez,Universidad Austral de Chile; Universidad Politécnica de Madrid,uach,inf.uach.cl,39,Aprendizaje enriquecido con TIC Métodos ágiles en ingeniería de software … 
16206413231987421209,Patricio D. Carrera-Játiva,Universidad Austral de Chile,uach,alumnos.uach.cl,38,Veterinary medicine One Health Parasitology Ecosystem Health 
16206413231987421209,Jose Cabrera,"Instituto de Psicología, Universidad Austral de Chile, Sede Puerto Montt",uach,spm.uach.cl,38,Psicoanálisis 
16206413231987421209,Cecilia Gutiérrez Vega,"Académico, Instituto de Turismo. Universidad Austral de Chile",uach,uach.cl,38,resiliencia turística gestión turística planificación turística 
16206413231987421209,Korina Ocampo-Zuleta,Universidad Austral de Chile,uach,alumnos.uach.cl,37,Fire Ecology Plant Flammability Restoration Ecology 
16206413231987421209,Alejandro Álvarez-Espinoza,"Profesor Instructor, INSTITUTO DE PSICOLOGIA, UNIVERSIDAD AUSTRAL DE CHILE",uach,spm.uach.cl,36,teoria histórico cultural psicología educacional educación e identidad 
16206413231987421209,Cristóbal Garcés,Universidad Austral de Chile,uach,alumnos.uach.cl,36,
16206413231987421209,Javier Godoy-Güinao,"Laboratory of Canopy Ecology and Biodiversity, Universidad Austral de Chile",uach,uach.cl,35,Wildlife Human-Wildlife conflicts Biodiversity conservation canopy ecology south american temperate rainforest 
16206413231987421209,Karina Muñoz Vilugrón,Universidad Austral de Chile,uach,uach.cl,35,Educación Inclusiva para Sordos Epistemología de Sordos Cultura e Identidad Sorda 
16206413231987421209,Viviana Ponce de León Solís,"Profesora de Derecho Constitucional, Universidad Austral de Chile",uach,uach.cl,35,Derecho político derecho constitucional teoría política 
16206413231987421209,Carlos Fuhrhop,Universidad Austral de Chile,uach,uach.cl,34,Control theory Nanotechnolgy AFM and Sensors 
16206413231987421209,Irene Inoquio-Renteria,Universidad Austral de Chile,uach,uach.cl,33,Dynamical Systems 
16206413231987421209,Robinson Silva Hidalgo,"Profesor de Historia, Universidad Austral de Chile",uach,uach.cl,31,Historia reciente espacio público movimientos sociales 
16206413231987421209,Eduardo Rodrigues Sanguinet,Universidad Austral de Chile,uach,uach.cl,31,Economia Economia Regional Cadeias de Valor Evaluación de Proyectos 
16206413231987421209,Carlos Fuhrhop,Universidad Austral de Chile,uach,uach.cl,30,Nanotechnology AFM Sensors Automatic Control 
16206413231987421209,Elizabeth Martinez,"Profesora Instituto de Ciencias de la Educación, Universidad Austral de Chile",uach,uach.cl,28,Aprendizaje Educación … Intersubjetividad y construcción de sentidos id 
16206413231987421209,Débora/Luna Grandón Valenzuela,"Académica Escuela de Terapia Ocupacional, Universidad Austral de Chile",uach,uach.cl,28,terapia ocupacional feminismo economía feminista literatura de mujeres revistas culturales decimonónicas 
16206413231987421209,Luis U. Medina U.,"Académico, Universidad Austral de Chile",uach,uach.cl,28,Dynamics of mechanical systems Uncertainty identification 
16206413231987421209,Andrés Nova-Reyes,"Profesor de Marketing y Negocios Internacionales, Universidad Austral de Chile",uach,uach.cl,28,Social Marketing Consumer Behaviour International Business 
16206413231987421209,Ricardo Torres Naranjo,Universidad Austral de Chile,uach,uach.cl,24,ordinary differential equations impulsive differential equations stability and asymptotic theory of solutions piecewise const 
16206413231987421209,Pedro Feria,Universidad Austral de Chile,uach,uach.cl,24,Historia Contemporánea 
16206413231987421209,carlos andres trujillo jurado,Profesor Universidad Austral de Chile,uach,uach.cl,24,Fisiología ritmos circadianos inflamación 
16206413231987421209,Julián Samacá Pulido,"Profesor Terapia Ocupacional, Universidad Austral de Chile",uach,uach.cl,23,Ciudadania Derechos Humanos Migraciones y movilidad humana 
16206413231987421209,Randy Yañez,"Académico, Universidad Austral de Chile",uach,uach.cl,22,Terapia ocupacional Ciencia de la ocupación Ética Bioética Filosofía 
16206413231987421209,Katerina Veloso Santana,"Profesor Adjunto, Universidad Austral de Chile.",uach,uach.cl,22,turismo de intereses especiales turismo científico turismo de experiencias naturaleza turismo y desarrollo social 
16206413231987421209,Cristian Riquelme,Universidad Austral de Chile,uach,alumnos.uach.cl,21,Mycology Systematics Taxonomy Aphyllophoroid fungi 
16206413231987421209,Sebastian Agüero-SanJuan,Universidad Austral de Chile,uach,uach.cl,21,Philosophy of Law Filosofía del Derecho Legal Theory Teoría del Derecho Jurisprudence 
16206413231987421209,Jennifer Brito,Universidad Austral de Chile,uach,alumnos.uach.cl,21,envejecimiento gerontología social gerontología crítica formación docente inclusión educativa 
16206413231987421209,Leticia Morales,Universidad Austral de Chile,uach,uach.cl,19,law human rights public health judicial review 
16206413231987421209,Jessica Godoy Pozo,Universidad Austral de Chile,uach,uach.cl,19,Docencia universitaria en ciencias de la salud Enfermería 
16206413231987421209,Patricio Vergara Ponce,"Académico Escuela de Fonoaudiología, Universidad Austral de Chile",uach,uach.cl,18,Adquisición del lenguaje Trastornos del lenguaje Fonología 
16206413231987421209,Mauricio San Martin Correa,"Académico Instituto de Aparato Locomotor y Rehabilitación, Universidad Austral de Chile",uach,uach.cl,18,Biomecánica Análisis del Movimiento Humano Rehabilitación Músculo Esquelético 
16206413231987421209,Cynthia Belén Vergara Maldonado,Universidad Austral de Chile,uach,uach.cl,18,Salud Diversidad afectivo sexual Discurso Salud Publica y Politica Publica Matroneria. 
16206413231987421209,Angela Niebles Gutiérrez,"Profesora, Universidad Austral de Chile",uach,uach.cl,18,
16206413231987421209,Mirko Vera Campos,"Instituto de Turismo, Universidad Austral de Chile",uach,uach.cl,18,Hospitalidad Turismo Servicios Marketing Gestión 
16206413231987421209,Duilio Fonseca-Gallardo,Universidad Austral de Chile,uach,alumnos.uach.cl,17,Earth Science Glaciology Environment Education 
16206413231987421209,Gustavo Schleyer,Universidad Austral de Chile,uach,uach.cl,17,Robotics 
16206413231987421209,Cristian Colther,Universidad Austral de Chile,uach,uach.cl,17,Economia regional Mercado Laboral Economia de la educación 
16206413231987421209,Andrea González-Ramírez,"Escuela de Arqueología, Universidad Austral de Chile",uach,uach.cl,16,Arqueología 
16206413231987421209,Alejandro Jerez,Universidad Austral de Chile,uach,uach.cl,16,Tecnología Farmacéutica Biofarmacia Análisis Instrumental 
16206413231987421209,Constanza Becerra-Rodas,Universidad Austral de Chile,uach,alumnos.uach.cl,16,Forest Ecosystem and Conservation of … 
16206413231987421209,Sarai B. Morales-González,Universidad Austral de Chile,uach,alumnos.uach.cl,16,Genetics Genomics 
16206413231987421209,Jhonny Medina Paredes,Universidad Austral de Chile,uach,uach.cl,16,Didáctica de la Física Educación STEM Evaluación Educativa 
16206413231987421209,Efraín Bámaca-López,Universidad Austral de Chile,uach,uach.cl,15,Cambio Climático Comunicación Social Movilidad Humana Comunicación de la Ciencia Diplomacia Científica 
16206413231987421209,Elisa Cordero-Jahr,"Académica Facultad de Arquitectura y Artes, Universidad Austral de Chile",uach,uach.cl,15,color y arquitectura color y patrimonio color y educación 
16206413231987421209,Nicolás Alcayaga-Urrea,"Estudiante medicina, Universidad Austral de Chile",uach,alumnos.uach.cl,15,Salud pública bibliometría medicina interna 
16206413231987421209,Melissa Rebolledo,"Laboratorio de Ictiología, Universidad Austral de Chile",uach,alumnos.uach.cl,15,Fish parasitology Community Ecology Fish hematology Aquatic Ecology Functional diversity 
16206413231987421209,José Augusto Ribas Miranda,"Instituto de Historia y Ciencias Sociales, Universidad Austral de Chile",uach,uach.cl,15,Economic and Financial History History of Capitalism Capital Markets International Relations 
16206413231987421209,Sylvia Soto-Alvarado,Universidad Austral de Chile,uach,uach.cl,15,Geografía urbana población y movilidad redes sociales 
16206413231987421209,carolina bruna,"Instituto de Filosofía, Universidad Austral de Chile",uach,uach.cl,13,filosofía política social y jurídica filosofía moderna y del siglo xx marxismo latinoamericano 
16206413231987421209,Patricia Toledo Zúñiga,Universidad Austral de Chile,uach,uach.cl,13,Derecho Tributario 
16206413231987421209,Dr. Ulises Alarcón González,"Profesor de Marketing, Universidad Austral de Chile",uach,uach.cl,12,Tecnologías de la Información Marketing Turismo Comportamiento Organizacional Economía. 
16206413231987421209,María Paz Gatica,"Profesora de derecho civil, Universidad Austral de Chile",uach,uach.cl,12,Responsabilidad civil derecho de contratos derecho del consumo género y derecho 
16206413231987421209,Stefany Camelo Guarín,"Doctoral student, Universidad Austral de Chile",uach,alumnos.uach.cl,12,Aquaculture aquaculture sustainability trophic integration of aquaculture integrate aquaculture management 
16206413231987421209,"Mario A, González-Montenegro","Académico, Universidad Austral de Chile",uach,uach.cl,11,Elementos finitos para acústica y vibraciones 
16206413231987421209,Daniel Jofré Astudillo,"Profesor asistente, Instituto de Psicología, Universidad Austral de Chile",uach,uach.cl,8,Psicoanálisis filosofía ciencias sociales. 
16206413231987421209,Felipe Pontigo,"Research assistant, Universidad Austral de Chile",uach,alumnos.uach.cl,8,Conservation Biology Molecular ecology Disease ecology Wildlife management and conservation Conservation medicine 
16206413231987421209,Roberto Chacana Arancibia,"Profesor, Universidad Austral de Chile",uach,uach.cl,7,Literatura psicología filosofía 
16206413231987421209,Gerardo Saelzer,"Profesor Adjunto, Universidad Austral de Chile",uach,uach.cl,7,wooden architecture cultural landscape heritage management modern architecture theory architectonic geography 
16206413231987421209,Felipe A. Quezada,Universidad Austral de Chile,uach,uach.cl,5,Artificial Intelligence High Performance Computing Computer Graphics IoT 
16206413231987421209,Marcela Hurtado,"Auxiliar Prof., Universidad Austral de Chile",uach,uach.cl,4,Body representation gender contemporany dance 
16206413231987421209,Vicente I Villalobos,Universidad Austral de Chile,uach,alumnos.uach.cl,4,biodiversidad dinámica de comunidades 
16206413231987421209,hugo osorio,Universidad Austral de Chile,uach,uach.cl,3,Derecho Tributario Economía 
16206413231987421209,Patricio Pérez,Universidad Austral de Chile,uach,uach.cl,2,Humanidades y Ciencias Sociales 
16206413231987421209,Camila Molina-González,"Universidad Austral de Chile, MSc. Bosques y Medioambiente",uach,alumnos.uach.cl,2,Conservación y Áreas protegidas Ecología de Bosques Biodiversidad Restauración 
16206413231987421209,Pierre Richard Médor,"Profesor de Educación Física, Universidad Austral de Chile",uach,uach.cl,2,Migración Inclusión Educación Física 
16206413231987421209,Yerko Monje,Universidad Austral de Chile,uach,uach.cl,2,Historia Geografía Territorio Urbanismo 
16206413231987421209,Andres Horn,"Instituto de Arquitectura y Urbanismo, Universidad Austral de Chile",uach,uach.cl,2,diseño contextual y arquitecturas locales patrimonio teoría en arquitectura 
16206413231987421209,Martha Vidal-Sepúlveda,Doctoranda en Comunicaciones Universidad Austral de Chile - Universidad  de la Frontera,uach,uach.cl,2,Alfabetización Mediática Ciencia de datos Búsquedas de Información Sesgos cognitivos 
16206413231987421209,Daniel Tello Gaete,Universidad Austral de Chile,uach,alumnos.uach.cl,1,Operation research Supply Chain Managnment Inventory Artificial Intelligence 
16206413231987421209,FELIPE PINTO D'AGUIAR,Universidad Austral de Chile,uach,uach.cl,1,Music Composition Harmony Sound Art 
16206413231987421209,Juan F. Chango,Student at Universidad Austral de Chile,uach,alumnos.uach.cl,1,Computational Acoustics DSP AI ML 
16206413231987421209,Gerardo Méndez Moraga,"CIrujano Dentista, Universidad Austral de Chile.",uach,uach.cl,1,Anatomía Radiología Cáncer Trastornos Degenerativos Biología Molecular. 
16206413231987421209,Dr. Manuel Morales-Serazzi,Universidad Austral de Chile,uach,spm.uach.cl,1,Big Data Analytics Quality of the information Decision Makers Analytical Talent Technological Capacity 
16206413231987421209,Christian Oyarzún Roa,"Profesor Asociado, Universidad Austral de Chile",uach,uach.cl,,live-coding media-arts media-archaeology cyberpunk 
16206413231987421209,Leonardo Agurto Venegas,"Profesor, Universidad Austral de Chile",uach,uach.cl,,Arquitectura bioclimática Urbanismo Bioclimático Pobreza energética Energía Solar 
16206413231987421209,Darla Inai,Universidad Austral de Chile,uach,alumnos.uach.cl,,Comunicaciones 
16206413231987421209,Eduardo Marchant Vivanco,"Doctorando. Doctorado en Derecho, mención Constitucionalismo y Derecho, Universidad …",uach,alumnos.uach.cl,,Derechos de las personas con discapacidad Tratamiento jurídico de la discapacidad 
16206413231987421209,Renato Boegeholz,"Research Collaborator, Instituto de Informática, Universidad Austral de Chile",uach,uach.cl,,data science data mining statistical analysis machine learning data visualization 
16206413231987421209,Isabel Ruiz Esquide Enriquez,estudiante doctorado Universidad Austral de Chile,uach,alumnos.uach.cl,,derecho 
16206413231987421209,Yerko Manzano Venegas,"Profesor Instituto de filosofía, Universidad Austral de Chile",uach,uach.cl,,filosofía filosofía contemporánea drogas Foucault. 
16206413231987421209,Alex Becker,"profesor de Arquitectura, Universidad Austral de Chile",uach,uach.cl,,arquitectura sostenibilidad eficiencia energética energía construcción 
16206413231987421209,Martín Leonardo Villarroel-Pérez,"estudiante de Biología Marina, Universidad Austral de Chile",uach,alumnos.uach.cl,,fisheries pesca artesanal small-scale aquaculture marine spatial planning 
16206413231987421209,Carlos Blaña,Universidad Austral de Chile,uach,uach.cl,,data science education social sciences 
16206413231987421209,Miguel Campillay-Araya (https://orcid.org/ 0000-0002-9806-324X),"Académico, Universidad Austral de Chile (https://ror.org/029ycp228)",uach,uach.cl,,psicología social crítica análisis de discurso terapia sistémica teoría sistémica prácticas narrativas 
